00-00	ᏂᎬᎾᏛ ᏗᎦᏃᏣᎳᏅᎢ ᎠᏂᏴᏫ ᎤᏂᎲ ᎢᏳᎾᏛᏗᎢ
00-01	ᎬᏂᏳᏉ ᏗᏓᏂᎸᏨ ᎾᏍᎩ ᎠᏠᏯᏍᏗᏍᎩ ᎠᏢᏉᏙᏗ ᎠᎴ ᎾᏍᎩᏃ ᎢᎦᏘ ᎠᎴ ᎤᏙᎯᏳᎯᏯ ᎤᏂᎲ ᎢᏳᎾᏛᏗ ᎾᏍᎩᏃ ᏂᎦᏓ ᎠᏂᎳ ᎾᏍᎩ ᎠᏂᏴᏫ ᏏᏓᏁᎸ ᎠᎾᏁᎸ ᎾᎾᎢ ᏗᎦᎫᏍᏓᎢ ᏙᎯ ᎠᏕᏗᎢ, ᏚᏳᎪᏛ ᎤᏍᏓᏲᎯᏍᏗ ᎠᎴ ᏅᏩᏙᎯᏯᏛ ᎾᎿ ᎾᏍᎩ ᎡᎶᎯ,
00-02	ᎬᏂᏳᏉ ᎠᎦᏎᏍᏔᏅᎾ ᎠᎴ ᏂᎦᎸᏉᏛᎾ ᎾᏍᎩᎾ ᎠᏂᏴᏫ ᎤᏂᎲ ᎢᏳᎾᏛᏗᎢ ᎤᏂᎲᎢ ᏫᏂᏚᎵᏍᏔᏅᎩ Ꮎ ᎤᏂᏍᎦᏎᏘ ᎾᎾᏛᏁᏅ ᎾᏍᎩᎾᏃ ᎤᏂᎲ ᎦᎶᏒᏍᏔᏅ ᎠᏔᎳᏬᎯᏍᏗ ᎾᏍᎩ ᏧᏄᎪᏙᏗᏱ ᎤᎾᏕᏗᏱ ᏴᏫ, ᎠᎴ ᎾᏍᎩ ᎡᎶᎯ ᎤᎷᏤ ᎾᎿᎢ ᎾᏍᎩᎾᏃ ᎠᏂᏴᏫ ᎠᏎ ᎠᎵᎮᎵᏍᏗ ᏙᎯ ᎦᏬᏂᎯᏍᏗ ᎠᎴ ᎤᏃᎯᏳᏒ ᎠᎴ ᏙᎯ ᎠᏕᏗᎢ ᎾᏍᎩᎾ ᏂᎦᎾᏰᎯᏍᏛᎾ ᎠᎴ ᎧᏁᏨᎩ ᎤᎾᏚᎸᏓ ᏅᎵᏍᏔᏅᎩ ᎾᏍᎩ ᏩᎦᎸᎳᏗᏴ ᎠᎾᏚᎸᏔᏅ ᎾᏍᎩ ᎾᏂᎦᎥᏊ ᏴᏫ,
00-03	ᎬᏂᏳᏉ ᎾᎢ ᎤᎵᏍᎨᏛ, ᎾᏍᎩᎾ ᎠᏍᎦᏯ ᎬᏍᏗᏰᏙᏗ ᏂᎨᏒᎾ ᏱᎩ ᎾᏍᎩ ᎪᎱᏍᏗ ᏄᏓᏁᏢᎾ, ᎣᏂ ᎤᏓᎷᎸ ᎤᏓᏁᏟᏴᏓ, ᏳᏓᏱᎸ ᎤᏬᎯᏳᏗ ᎾᏍᎩ ᏧᎦᏘᎸᏍᏗ ᏂᏓᏤᏢᎾᏉ ᎾᎾᏛᏁᎲᎩ ᎠᎴ ᎤᏲ ᎢᏯᏓᏛᏁᎯ, ᎾᏍᎩ ᎠᏂᏴᏫ ᎤᏂᎲ ᏳᎾᏛᏁᏗᎢ ᎡᎵᏍᏗ ᎠᎵᏏᏅᏙᏗ ᏱᎩ ᎾᎥᎢ ᎾᏍᎩ ᏧᏂᎧᎾᏩᏛᏍᏙᏗ ᏗᎧᎿᏩᏛᏍᏗ,
00-04	ᎬᏂᏳᏉ ᎾᏍᎩ ᎤᎵᏍᎨᏛ ᎾᎢ ᎬᏂᎨᏒ ᎾᏅᏁᎲ ᎾᏍᎩ ᎤᏓᏅᏘ ᎤᏪᎳᏗᏍᏛ ᏚᏙᎷᏩᏛᎲ ᎤᏙᏣᏢᎩ ᎠᏰᎵ ᏚᎾᏙᏢᏒᎢ,
00-05	ᎬᏂᏳᏉ ᎾᏍᎩ ᎠᏂᏴᏫ ᎾᏍᎩᏃ ᎤᎾᏓᏚᏕᏫᏛ ᎠᏰᎵ ᏚᎾᏙᏢᏒ ᏄᏅᎿᏅ ᎾᎿ ᎠᏓᎵᏍᎪᎸᏓᏁᎯ ᏗᎳᏏᏙᏗ ᏓᏍᏓᏱᏛᎢ ᎾᏍᎩᎾᏃ ᎤᏃᎯᏳᏔᏅ ᏚᎾᎳᏏᏛ ᎠᏂᏴᏫ ᎤᏂᎲ ᏳᎾᏛᏗᎢ, ᎾᎢ ᎾᏍᎩ ᎠᏢᏉᏙᏓ ᎠᎴ ᏧᎬᏩᎶᏗ ᎾᏍᎩᏃ ᎠᏂᏴᏫ ᎠᏂᏏᏴᏫᎭ ᎠᎴ ᎾᎢ ᎡᏧᎳᎭᏉ ᎤᏂᎲ ᎢᏳᎾᏛᏁᏗ ᎾᎢ ᎠᏂᏍᎦᏯ ᎠᎴ ᎠᏂᎨᏴ ᎠᎴ ᏚᏄᎪᏔᏅᎩ ᎬᏂᎨᏒ ᎾᏅᏁᎲ ᎤᎾᏙᏢᎯ ᎠᎵᏱᎵᏒ ᎠᎴ ᏓᏤᏢ ᎢᎦᏘᎭᏊ Ꮎ ᎥᎴᏂᏙᎲᎩ ᎾᎿ ᎡᏉᎯᎨᏍᏗ ᏙᎯ ᎠᏕᏗᎢ,
00-06	ᎬᏂᏳᏉ ᎠᏁᎳ ᏍᎦᏚᎩ ᎤᏚᏓᎸᏅᎯ ᎾᎢ ᎤᏅᏌ ᎤᎾᏟᏂᎬᏁᏗᎢ, ᎾᎢ ᎤᎾᎵᎪᏒ-ᎤᎵᎪᎯ ᎾᏍᎩ ᎤᎾᏓᏚᏕᏫᏛ ᎠᏰᎵ ᏚᎾᏙᏢᏒ, ᎾᏍᎩ ᎬᏂᎨᏒ ᎾᏅᏁᎲᎩ ᏂᎬᎾᏕᎾ ᎪᎯᏳᎯ ᎾᏍᎩᎾ ᎠᎴ ᎠᎦᏎᏍᏔᏅᎩ Ꮎ ᎠᏂᏴᏫ ᎤᏂᎲ ᏳᎾᏛᏁᏗᎢ ᎠᎴ ᏚᎾᎳᏏᏛ ᏙᎯ ᏧᎾᏕᏗᎢ, ᎬᏂᏳᏉ ᎤᏠᏯᏉ ᎤᏃᎵᏨᎩ ᎾᏍᎩ ᎤᏂᎲ ᎢᏳᎾᏛᏗᎢ ᎠᎴ ᏙᎯ ᎠᏕᏗᎢ ᎾᏍᎩ ᏪᏆ ᎤᎵᏍᎨᏗ ᎾᏍᎩᎾ ᎧᎵᎢ ᎠᏕᎳᎰᏒᎯ ᎯᎠ ᎠᏚᏓᎸᏗ,
00-07	ᏃᏉᏃ, ᎾᏍᎩ ᎢᏳᏍᏗ, ᎾᏍᎩ ᏂᎦᏓᏊ ᏓᏂᎳᏫᎥ
00-08	ᏗᎳᏏᏔᏅᎯ ᎯᎠ ᏂᎬᎾᏛ ᏗᎦᏃᏣᎳᏅᎢ ᎠᏂᏴᏫ ᎤᏂᎲ ᎢᏳᎾᏛᏁᏗᎢ ᎾᏍᎩ ᎤᏠᏯᏉ ᎢᎦᏘᎭᏊ ᎠᎵᏂᎬᏁᎸᎩ ᎾᏍᎩᎾ ᏂᎦᏓ ᎠᏂᏴᏫ ᎠᎴ ᏂᎦᏓ ᎤᎾᏓᏚᏕᏫᏛ ᎠᏰᎵ ᏚᎾᏙᏢᏒ, ᎾᎢ ᎾᏍᎩ ᎠᏍᏆᏛᎯ ᎾᏍᎩᎾᏃ ᏂᎦᏗᏳ ᎠᏏᏴᏫ ᎠᎴ ᏂᎦᏗᏳ ᎠᏰᎸ ᎾᏍᎩ ᏴᏫ, ᎤᏂᏍᏆᏂᎪᏙᏗ ᎯᎠ ᏗᎦᏃᏣᎳᏅ ᏂᎪᎯᎸᎢ ᎠᎾᏓᏅᏖᏍᎪᎢ, ᎠᏎᏃ ᎠᏁᎸᏙᏗ ᎾᏍᎩ ᏓᎾᏕᏲᎲᏍᎬᎩ ᎠᎴ ᏧᎾᏕᎶᏆᏍᏗᎢ ᎾᎢ ᎬᏂᎨᏒ ᎾᏅᏁᎲ ᎪᎯᏳᎯ ᎾᏍᎩᎾ ᎯᎠ ᎤᏂᎲ ᎢᏳᎾᏛᏁᏗᎢ ᎠᎴ ᏙᎯ ᏧᎾᏕᏗᎢ ᎾᎥᎢ ᎠᎵᏱᎵᏒᎩ ᏩᏟᎶᎯᎯ, ᎠᏰᎵ ᎠᎴ ᎠᏰᎵ ᏚᎾᏙᏢᏒ, ᏄᎾᏰᎯᏍᏛᎾᏉ ᎾᏍᎩ ᏂᎬᎾᏕᎾ ᎠᎴ ᎢᏳᎵᏍᏙᏗᏱ ᏗᎨᎦᏓᏂᎸᏨᎩ ᎠᎴ ᎠᎦᏎᏍᏔᏅᎩ, ᎢᏧᎳᏃ ᏄᎾᏛᏅ ᎾᏍᎩ ᎠᏂᏴᏫ Ꮎ ᎠᏁᎳ ᏍᎦᏚᎩ ᎤᏅᏌ ᎠᎴ ᏄᎾᏛᏅ ᎾᏍᎩ ᎠᏂᏴᏫ ᎾᎾᎢ ᏗᏍᎦᏚᎩ ᎭᏫᏂᏗᏢ ᎢᏳᎾᏛᏁᎵᏓᏍᏗ ᎤᏂᎲᎢ.
01-00	ᎠᏯᏙᎸ 1
01-01	ᏂᎦᏓ ᎠᏂᏴᏫ ᎤᎾᏕᏅᎢ ᎤᎾᏚᏓᎴᏓ ᎠᎴ ᎡᏧᎳᎭᏉ ᎾᎢ ᎠᏢᏉᏙᏗ ᎠᎴ ᎤᏂᎲ ᎢᏳᎾᏛᏗᎢ. ᎾᏍᎩᎾᏃ ᎤᎵᏍᎪᎸᏔᏅᎩ ᎤᏠᏯᏍᏗ ᏅᏰᎵᏛᎩ ᎠᎴ ᎠᏓᏅᏖᏟᏓᏍᏗ ᎠᎴ ᎡᎵᏍᏗ ᏏᏴᏫᎭ ᏂᏚᎾᏓᏛᎾᏕᎬᎩ Ꮎ ᏗᎾᏓᏅᏟ ᎠᏓᏅᏙ ᎬᏗ.
02-00	ᎠᏯᏙᎸ 2
02-01	ᏂᎦᏛ ᎠᏂᏴᏫ ᎤᎾᏓᏂᏜ ᎾᎢ ᏂᎦᏓ ᎤᏂᎲ ᎢᏳᎾᏛᏁᏗᎢ ᎠᎴ ᏙᎯ ᎠᏕᏗᎢ ᎾᎢ ᏕᎦᎧᏅᎩ ᎯᎠ ᏗᎦᏃᏣᎳᏅᎢ, ᎤᎾᏤᎵᏛ ᏄᎾᏠᏯᏍᏛᎾ ᎾᎢ ᏂᎦᎥᏉ ᏧᏓᎴᏅᏓ, ᏕᎧᏁᎢᏍᏔᏅᎯ ᏧᎾᏓᎴᏅᏓ ᎠᏂᏴᏫ, ᏗᎨᎦᎦᏅᏗᎢ, ᎠᎨᏯ ᎠᎴ ᎠᏍᎦᏯ, ᎦᏬᏂᎯᏍᏗ, ᏧᎾᏁᎵᏗ, ᏗᎾᏙᎩᏯᏍᎩ ᎠᎴ ᏐᎢ ᎾᏂᎵᏍᎬᎩ, ᎠᏰᎵ ᎤᎾᏙᏢᎯ ᎠᎴ ᏴᏫ ᏂᏙᏓᏳᎾᏓᎴᏅᎩ, ᏄᏅᎿᏅ, ᎤᏕᏅ ᎠᎴ ᏐᎢ ᏄᏍᏗᏓᏅᎢ.
02-02	ᎤᏗᏗᏢᎢᎨᏍᏙᏗ, Ꮭ ᏄᎾᏠᏯᏍᏛᎾ ᎤᏙᎯᏳᏒᎾ ᎾᏍᎩᏃ ᏗᎾᏙᎩᏯᏍᎩ ᏂᏓᏳᎵᏍᏙᏔᏅ ᎾᏍᎩ ᎤᏙᏢᏅᎢ, ᎢᏳᎾᏛᏁᎵᏓᏍᏗ ᎤᏂᎲᎩ ᎠᎴ ᎠᏰᎵ ᏚᎾᏙᏢᏒ ᏄᏍᏗᏓᏅ ᎾᏍᎩ ᏂᎬᎾᏛᎢ ᎠᎴ ᏍᎦᏚᎩ ᎾᏍᎩᏃ ᎠᏂᏴᏫ ᎠᎾᏁᎸᎩ, ᎢᏳᏃᏍᏊ ᎾᏍᎩᎾᎢ ᎤᎾᏓᏤᎵᏓ, ᎦᎨᎦᏅᏘ ᎨᏒᎢ, ᎬᏂᎬᎬ-ᎤᏩᏒ-ᎤᎦᏎᏍᏗᏕᎩ ᎭᏫᏂᏗᏢ ᏂᎦᎥ ᏐᎢ ᏅᏂᏲᎢᏍᏓᏁᎲᎾ ᎾᎢ ᎤᏂᎲ ᎤᎾᏓᏤᎵᎦᏯ.
03-00	ᎠᏯᏙᎸ 3
03-01	ᏂᎦᏛ ᎠᏂᏴᏫ ᎤᏂᎲ ᎾᏍᎩ ᏚᏳᎪᏛ ᏳᎾᏛᏗᎢ ᎥᎴᏂᏙᎲᎢ, ᎣᎦᏓᏤᎵ ᎨᏒᎢ ᎠᎴ ᎾᏍᎩ ᎤᎦᏎᏍᏗ ᏴᏫ.
04-00	ᎠᏯᏙᎸ 4
04-01	ᎤᏙᎯᏳᎯ ᏝᎩᎶᎢ ᎠᏥᏂᏴᏗ ᎾᏍᎩ ᏗᎨᏥᎾᏝᎥ ᎠᎴ ᎦᏌᏙᏯᏍᏗ ᎠᏥᎾᏝᎢ ᏱᎨᏎᏍᏗ; ᏗᎨᏥᎾᏝᎥ ᎠᎴ ᎾᏍᎩ ᏗᎨᏥᎾᏝ ᏗᎦᎾᏗᏅᏗ ᎤᏙᎯᏳᎯᏯ ᎦᏅᏍᏙᏍᎨᏍᏗ ᎾᏍᎩ ᏂᎦᎥ ᎾᏍᎩ ᎢᏳᏍᏗ.
05-00	ᎠᏯᏙᎸ 5
05-01	ᎤᏙᎯᏳᎯ ᏝᎩᎶᎢ ᎠᏥᎸᏍᏗ ᏱᎨᏎᏍᏗ ᎠᎴ ᎤᏲ ᎢᏯᏓᏛᏁᎯ ᏱᎨᏎᏍᏗ, ᎠᏂᏴᏫ ᏂᎨᏒᎾ ᏱᎬᏗ ᏱᎨᏎᏍᏗ ᎠᎴ ᎤᏕᎰᎯᏍᏗ ᏱᎬᏗ ᏱᎨᏎᏍᏗ ᎠᎴ ᎠᏍᏛᏗᏍᏙᏗ ᏱᎨᏎᏍᏗ.
06-00	ᎠᏯᏙᎸ 6
06-01	ᏂᎦᏛ ᎠᏂᏴᏫ ᎤᏂᎲ ᎾᏍᎩ ᏚᏳᎪᏛ ᎢᏳᎾᏛᏁᏗᎢ ᏂᎬᎾᏛ ᎨᎪᎵᏤᏗ ᎾᏍᎩ ᏴᏫ ᎢᎬᏯᏘᏟ ᎾᏍᎩ ᏗᎧᏃᏩᏛᏍᏗ.
07-00	ᎠᏯᏙᎸ 7
07-01	ᏂᎦᏛ ᎢᏧᎳᎭᏉ ᎢᎬᏯᏘᏟ ᎾᏍᎩ ᏗᎧᎿᏩᏛᏍᏗ ᎠᎴ ᎤᎾᏓᏂᏜᏅᎢ ᏅᏠᏯᏍᏛᎾ ᏂᎦᎥ ᎠᏓᏛᏳᏤᏗ ᎾᏍᎩ ᎢᏧᎳᎭᏉ ᎬᏩᏂᏍᏕᎸᏙᏗ ᎾᏍᎩ ᏗᎧᎿᏩᏛᏍᏗ. ᏂᎦᏓ ᎤᎾᏓᏂᏜᏅᎢ ᎢᏧᎳᎭᏉ ᎬᏩᏂᏍᏕᎸᏙᏗ ᏗᎬᏩᎾᏡᏗᏍᎩ ᏂᎦᎥ ᎠᏓᏛᏳᏤᏗ ᎾᏍᎩ ᎠᏍᎦᏅᎬᎢ ᎯᎠ ᏗᎦᏃᏣᎳᏅᎢ ᎠᎴ ᏗᎬᏩᎾᏡᏗᏍᎩ ᎠᎴ ᏂᎦᎥ ᏓᏓᏚᎴᎬ ᎾᏍᎩ ᎢᏳᏍᏗ ᎠᏓᏛᏳᏤᏗ.
08-00	ᎠᏯᏙᎸ 8
08-01	ᏂᎦᏛ ᎠᏂᏴᏫ ᎤᏂᎮᏍᏗ ᎾᏍᎩ ᏚᏳᎪᏛ ᎢᏳᎾᏛᏗᎢ ᎾᎢ ᏕᎫᎪᏔᏅᎩ ᎢᏳᎵᏍᏙᏗ ᎾᏍᎩ ᏰᎵ ᏂᎬᏩᎾᏛᏗ ᎨᏒ ᎠᏰᎵ ᏧᎾᏓᏱᎵᏓᏍᏗ ᎾᏍᎩᎾ ᏚᎵᏁᏨᎩ ᎠᏍᎦᏅᏨᎢ ᎾᏍᎩ ᏚᎾᎳᏏᏛ ᏚᏂᎲᎩ ᎤᎵᏍᎪᎸᏓᏁᎸᎩ ᎾᏍᎩᏃ ᎦᎫᏍᏛᏗ ᎠᎴ ᎾᏍᎩᏃ ᏗᎧᎿᏩᏛᏍᏗ.
09-00	ᎠᏯᏙᎸ 9
09-01	ᎤᏙᎯᏳᎯ ᏝᎩᎶᎢ ᎠᏎᏊᏊ ᏣᎫᎪᏓᏁᏗ ᏱᎨᏎᏍᏗ ᎾᎢ ᎠᏥᏂᏴᏗ ᏱᎨᏎᏍᏗ, ᎠᏥᏍᏚᏗ ᎠᎴ ᎠᏰᎵ ᎠᏥᏄᎪᏫᏍᏗ.
10-00	ᎠᏯᏙᎸ 10
10-01	ᏂᎦᏛ ᎠᏂᏴᏫ ᎤᏂᎭ ᎤᎾᏓᏂᏜᏅᎢ ᎾᏍᎩ ᎤᎧᎵᏨᎯ ᎢᏧᎳᎭᏉᏃ ᎢᏳᎾᏛᏁᏗ ᎤᏂᎯ ᎾᏍᎩ ᏚᏳᎪᏛ ᎠᎴ ᎠᏰᎵ ᎨᎦᏛᏓᏍᏙᏗ ᎾᏍᎩᏃ ᎤᎾᏓᏤᎵᏓ ᎠᎴ ᎤᎾᎵᎪᎯ ᏂᎨᏒᎾ ᏧᎾᏓᏱᎵᏓᏍᏗ, ᎾᎿ ᎾᏍᎩ ᏓᏅᎪᏔᏂᏙᎲᎩ ᎾᏍᎩ ᎤᏂᎲ ᎤᏤᎵ ᎠᎴ ᎤᎾᏓᏚᏓᎸᎲᏍᎬ ᎠᎴ ᏂᎦᎥ ᎠᏍᎦᏅᏨ ᎠᎫᎯᏍᏛ ᎤᏡᏗᏍᎩ.
11-00	ᎠᏯᏙᎸ 11
11-01	ᏂᎦᏛ ᎠᏂᏴᏫ ᎨᎫᎯᏍᏔᏅ ᎤᏠᏯᏍᏗ ᎤᏍᏛᏗᏍᎩ ᎤᏍᎦᏅᏨᎢ ᎤᎮᏍᏗ ᎾᏍᎩ ᎤᏂᎲ ᏚᏳᎪᏛ ᏙᎯᏳᎯᏯ ᎾᏍᎦᏅᎾ ᎩᎳᏃ ᎠᏃᎯᏳᏔᏅ ᎤᏍᎦᏅᏨᎢ ᏂᎬᏅ ᏗᎧᎿᏩᏛᏍᏗ ᎾᎿᎢ ᎠᏰᏟ ᏓᎾᏓᏰᎵᏙᎲᎩ ᎾᏍᎩᏃ ᏚᏂᏙᎢᏍᏓᏁᎸᎩ ᎾᏍᎩ ᎤᎲᎩ ᏂᎦᏓ ᎾᏍᎩᎾ ᎢᏳᎵᏍᏙᏗ ᎠᎦᏗᏒᏍᏗᏍᎬᎩ.
11-02	ᏝᎩᎶᎢ ᏭᏓᎪᎾᏛᎢ ᎠᏥᏂᏴᏗ ᎤᏍᎦᏅᏨ ᏂᎦᎥ ᎤᏍᏛᏗᏍᎩ ᎤᏍᎦᏅᏨᎢ ᎤᎾᎢ ᎠᏚᏓᎸᏗ ᏂᎦᎥ ᎤᎵᏁᏨ ᎠᎴ ᎦᎵᏓᏍᏔᏅ ᎾᏍᎩᏃ Ꮭ ᏗᎳᏏᏔᏅ ᎤᏍᏛᏗᏍᎩ ᎤᏍᎦᏅᏨᎢ, ᎭᏫᏂᏗᏢ ᎠᏰᎵ ᎤᎾᏙᏢᏒ ᎠᎴ ᎠᏰᎵ ᏚᎾᏙᏢᏒ ᏗᎧᎿᏩᏛᏍᏗ, ᎾᏍᎩ ᎾᏳᎢ ᎠᏟᎢᎵᏍᏒ ᎤᏓᏍᎦᏅᏤᎸᎩ. ᎥᏝᏃ ᏭᏓᎪᎾᏛ ᎦᎨᏗᏳᏉᏃ ᎤᏍᏛᏗᏍᎩ ᎾᏍᎩ ᏧᏚᎪᏓᏁᏗ ᎡᏍᎦᏉ ᎾᏍᎩ ᏌᏉ ᎾᏍᎩ ᏗᏙᎳᎩ ᎾᏳᎢ ᎠᏟᎢᎵᏍᏒ ᎤᏍᏛᏗᏍᎩ ᎤᏍᎦᏅᏨᎢ ᎾᏳᎨᏒ ᏅᏛᏁᎸᎩ.
12-00	ᎠᏯᏙᎸ 12
12-01	ᏝᎩᎶᎢ ᏭᏓᎪᎾᏛᎢ ᎠᏎᏊᏊ ᏣᎫᎪᏓᏁᏗ ᎠᎵᏌᎳᏁᏗ ᎤᎵᎪᎯ ᎾᏍᎩ ᎤᏕᎵᏓ, ᏏᏓᏁᎸ, ᎤᏇᏅᏒ ᎠᎴ ᏓᎾᏓᏛᎪᏗᏍᎬ, ᎥᏝ ᏗᎦᏘᎸᏍᏗ ᎦᎸᏉᏙᏗ ᎨᏒ ᎠᎴ ᎠᎦᏓᏅᏖᏗᏱ. ᏂᎦᏛ ᎠᏂᏴᏫ ᎤᏂᎲ ᏚᏳᎪᏛ ᎬᏩᏂᏍᏕᎸᏙᏗ ᎨᏎᏍᏗ ᎾᏍᎩ ᎠᏡᏗᏍᎩ ᏗᎧᎿᏩᏛᏍᏗ ᎪᎱᏍᏗ ᎠᎵᏌᎳᏁᏗ ᎠᎴ ᏗᎦᏘᎸᏍᏗ.
13-00	ᎠᏯᏙᎸ 13
13-01	ᏂᎦᏛ ᎠᏂᏴᏫ ᎤᏂᎲ ᎾᏍᎩ ᏚᏳᎪᏛ ᏙᎯ ᎠᏕᏗᎢ ᎾᎢ ᎠᏓᏅᏏᏓᏍᏗᎢ ᎠᎴ ᏓᏂᏁᎸᎩ ᎭᏫᏂᏗᏢ ᎾᏍᎩ ᏓᏠᎯᏍᏛᎢ ᎾᎢ ᏌᏉᎭ ᏍᎦᏚᎩ.
13-02	ᏂᎦᏛ ᎠᏂᏴᏫ ᎤᏂᎲ ᎾᏍᎩ ᏚᏳᎪᏛ ᎤᏂᎩᏍᏗ ᏂᎦᎥᏉ ᎠᏰᎵ ᏂᎬᎾᏛᎢ, ᎤᏠᏯᏍᏗ ᎤᏩᏌ ᎤᏤᎵ ᎡᎥᎢ, ᎠᎴ ᎢᎦᎷᎯᏍᏗ ᎤᎾᎢ ᎤᏩᏌ ᎤᏤᎵ ᎠᏰᎵ ᏂᎬᎾᏛᎢ.
14-00	ᎠᏯᏙᎸ 14
14-01	ᏂᎦᏛ ᎠᏂᏴᏫ ᎤᏂᎲ ᎾᏍᎩ ᏚᏳᎪᏛ ᎤᏂᏲᎲᎩ ᎠᎴ ᎤᎵᎮᎵᏍᏙᏗ ᎾᎿ ᏐᎢ ᎠᏰᏟ ᏂᎬᎾᏛᎢ ᎤᎵᏍᎦᏍᏙᏔᏂᎸᎯ ᎾᏍᎩᎾ ᎠᏥᏍᏛᏗᏍᏗᏍᎬᎩ.
14-02	ᎯᎢᎾᎢ ᎤᏂᎲ ᏚᏳᎪᏛ Ꮭ ᎡᎵᏊ ᏱᎬᎾᏎᎯᏍᏗ ᎾᏍᎩ ᏓᎵᏱᎵᏙᎲ ᏙᏳᏃ ᏕᎨᏥᏍᏛᎲᏍᎬᎩ ᎾᏍᎩᎾ ᏗᏓᎴᏂᏍᎬ ᎬᏂᎬᎬ-ᎠᏙᎩᏯᏛ ᎤᎬᏩᎵ ᎤᏍᎦᏅᏨᎢ ᎠᎴ ᎾᏍᎩᎾ ᏗᎧᎿᏩᏛᏍᏗ ᎠᎵᏍᎦᏁᏍᎩ ᎤᎬᏩᎵ ᎠᎴ ᎠᏍᎪᎵᏴ ᎾᏍᎩ ᎤᎾᏓᏚᏕᏫᏛ ᎠᏰᎵ.
15-00	ᎠᏯᏙᎸ 15
15-01	ᏂᎦᏛ ᎠᏂᏴᏫ ᎤᏂᎲ ᎾᏍᎩ ᏚᏳᎪᏛ ᎠᏰᎵ ᎠᏁᎯ ᎢᏳᎾᎵᏍᏙᏗᎢ.
15-02	ᏝᎩᎶᎢ ᏭᏓᎪᎾᏛᎯ ᎠᏎᏊᏊ ᎤᎾᏓᏱᎸᎩ ᎤᏤᎵ ᎠᏰᎵ ᎢᏳᎵᏍᏙᏗ ᎥᏝᏃ ᎤᎾᏓᏱᎸᎩ ᎾᏍᎩ ᎤᎲᎩ ᏚᏳᎪᏛᎢ ᎾᏍᎩ ᎤᏁᏟᏴᏍᏗ ᎠᏰᎵ ᎢᏳᎵᏍᏙᏗᎢ.
16-00	ᎠᏯᏙᎸ 16
16-01	ᎠᏂᏍᎦᏯ ᎠᎴ ᎠᏂᎨᏯ ᎧᎵ ᎠᎦᏴᎵ, ᏄᏠᏯᏍᏛᎾ ᏂᎦᎥ ᏅᏂᏲᎢᏍᏓᏁᎲᎾ ᏂᏗᎦᎵᏍᏙᏗᏍᎬ ᎾᎢ ᏅᎾᏓᎴ ᎠᏂᏴᏫ, ᎠᏰᎵ ᏂᏓᏳᏂᎶᏒ ᎠᎴ ᏧᎾᏁᎵᏗ, ᎤᏂᎲ ᎾᏍᎩ ᏚᏳᎪᏛ ᏳᎾᏛᏁᏗ ᎾᎢ ᏕᎨᎦᏨᏍᏗᏍᎬ ᎠᎴ ᏏᏓᏁᎸ ᏂᏓᏳᎾᏓᎴᏅᎢ. ᎾᏍᎩᏃ ᎤᏂᎭ ᎤᎾᏓᏂᏠᏅ ᎾᎢ ᎢᏧᎳᎭᏉᏃ ᎢᏳᎾᏛᏁᏗ ᎤᏂᎲ ᎾᏍᎩ ᏗᎨᎦᏨᏍᏙᏗᎢ, ᎾᏳ ᏗᎨᎦᏨᏍᏗᏍᎬᎩ ᎠᎴ ᎾᏍᎩᎾᎢ ᏓᎾᎦᎴᏂᏍᎬᎩ.
16-02	ᏗᎨᎦᏨᏍᏗᏍᎬ ᎤᏙᎯᏳᎯ ᎠᏴᎸᎩ ᏳᎵᏍᏙᏗ ᎾᎾᎯ ᎤᏩᏌ ᎾᏍᎩ ᎤᏠᏯᏍᏗ ᏄᏚᏓᎸᎾ ᎠᎴ ᎧᎵᎢ ᎣᏏᏳ ᎤᏰᎸᏅᎯ ᎾᎢ ᎠᏛᏅᎢᏍᏗᏍᎬ ᏗᏂᏁᎵ ᏳᎵᏍᏙᏗᎢ.
16-03	ᎾᏍᎩᏃ ᏏᏓᏁᎸ ᏂᎬᏩᏍᏛ ᏅᏍᏛ ᎠᎴ ᏚᎾᎳᏏᏛ ᎤᎾᏓᏡᎬ ᏌᏉ ᏴᏫ ᎠᎴ ᎾᏍᎩ ᎤᎾᏓᏂᏠᏅ ᎬᏩᏂᏍᏕᎸᎯᏙᎯ ᎾᏍᎩᎾᎢ ᏴᏫ ᎠᎴ ᎾᏍᎩ ᏍᎦᏚᎩ.
17-00	ᎠᏯᏙᎸ 17
17-01	ᏂᎦᏛ ᎠᏂᏴᏫ ᎤᏂᎲ ᎾᏍᎩ ᏚᏳᎪᏛ ᎤᏩᏌ ᏧᎬᏩᎶᏗ ᎤᎾᏤᎵ ᎢᏳᎵᏍᏙᏗᎢ ᎾᏍᎩᏯᏃ ᎾᎢ ᏧᎾᎵᎪᏗ ᎠᏂᏐᎢ ᎤᎾᏠᏯᏍᏗ.
17-02	ᏝᎩᎶᎢ ᏭᏓᎪᎾᏛᎯ ᎠᏎᏊᏊ ᎤᎾᏓᏱᎸᎩ ᎾᏍᎩ ᎤᎾᏤᎵ ᏳᎵᏍᏙᏗ ᏧᎬᏩᎶᏗ ᎤᎲᎢ.
18-00	ᎠᏯᏙᎸ 18
18-01	ᏂᎦᏛ ᎠᏂᏴᏫ ᎤᏂᎲ ᎾᏍᎩ ᏚᏳᎪᏛ ᎾᎢ ᏙᎯᏉ ᎤᎾᏕᏗᎢ, ᏧᏄᎪᏙᏗᏱ ᎠᎴ ᏧᎾᏁᎵᏗ; ᎯᎠ ᎤᏂᎲ ᏚᏳᎪᏛ ᎠᏠᏯᏍᏗ ᏙᎯ ᎠᏕᏗᎢ ᎾᏍᏉ ᎦᏁᏟᏴᏍᏗ ᎤᎲᎢ ᏧᏁᎵᏗ ᎨᏒ ᎠᎴ ᎤᏬᎯᏳᏒᎢ, ᎠᎴ ᏙᎯ ᎠᏕᏗᎢ, ᎢᏧᎳᏉ ᎤᏩᏒ ᎠᎴ ᎾᎿᎢ ᏚᏂᏚᏒᎩ ᎤᏠᏯᏍᏗ ᏐᎢ ᎠᎴ ᎾᎿᎢ ᏴᏫ ᎤᎾᏓᏍᏗᎢ ᎠᎴ ᎤᏕᎵᏓ, ᏚᎾᎳᏏᏛ ᎤᏂᎲ ᏧᎾᏁᎵᏗ ᎠᎴ ᎤᏃᎯᏳᏒᎩ ᎾᎿ ᏓᎾᏕᏲᎲᏍᎬ, ᎠᎾᎵᏏᎾᎯᏍᏗᏍᎬ, ᎠᎾᏓᏙᎵᏍᏗᏍᎬ ᎠᎴ ᎠᎦᏎᏍᏔᏅᎩ.
19-00	ᎠᏯᏙᎸ 19
19-01	ᏂᎦᏛ ᎠᏂᏴᏫ ᎤᏂᎲ ᎾᏍᎩ ᏚᏳᎪᏛ ᏙᎯᏉ ᎠᏕᏗᎢ ᎾᏍᎩ ᎪᎵᏨᎢ ᎠᎴ ᎤᏟᏁᏨᎢ; ᎯᎠ ᏚᏳᎪᏛ ᎤᏂᎲ ᏚᏳᎪᏛ ᎠᏠᏯᏍᏗ ᏙᎯ ᎠᏕᏗᎢ ᎤᏒᎦᎴᏍᏗ ᏄᏍᏛ ᎪᎵᎬᎢ ᏅᏠᏯᏍᏗᏍᎬᎾ ᎾᏓᏲᏍᏓᏁᎲᎾ ᎠᎴ ᎤᏂᏲᎲᎩ, ᎠᏂᎩᏍᏗ ᎠᎴ ᏩᏓᏁᏗᏱ ᎬᏂᎨᏒ ᎢᎬᏩᏁᏗ ᎠᎴ ᎠᏓᏅᏖᏍᎬ ᎠᎦᏛᎵᏍᏔᏅ ᏂᎦᎥ ᎧᏃᎮᏓ ᎤᎾᏗᎦᎴᏯᏍᏗ ᎠᎴ ᏱᏂᎦᎵᏍᏗᏉ ᎤᎾᎢ ᎠᏍᏓᏅᏅ ᏗᏟᎶᏛ.
20-00	ᎠᏯᏙᎸ 20
20-01	ᏂᎦᏛ ᎠᏂᏴᏫ ᎤᏂᎲ ᎾᏍᎩ ᏚᏳᎪᏛ ᏙᎯᏉ ᎠᏕᏗᎢ ᏙᎯ ᎠᏕᏗᎢ ᎾᏍᎩ ᏅᏩᏙᎯᏯᏛᏉ ᏓᏂᎳᏫᎬ ᎠᎴ ᎤᎾᎵᎪᏒᎢ.
20-02	ᏝᎩᎶᎢ ᏰᎵᏉ ᎤᏚᏓᎸᏗ ᎤᏙᏣᎸᏗ ᎾᏍᎩ ᏧᎵᎪᏗᏱ.
21-00	ᎠᏯᏙᎸ 21
21-01	ᏂᎦᏛ ᎠᏂᏴᏫ ᎤᏂᎲ ᎾᏍᎩ ᏚᏳᎪᏛ ᎤᎾᏖᎳᏗᏍᏗ ᎾᎿ ᎠᏰᎵ ᎤᏙᏢᏒ ᎾᏍᎩ ᎠᏰᎵ ᏂᎬᎾᏛᎢ ᎮᎲᎢ, ᏥᏳᏗᏉ ᎠᎴ ᎠᎦᏛᎵᏍᏔᏅ ᏄᏚᏓᎸᎾᏉ ᎠᎾᏑᏰᏍᎬ ᏗᏂᎳᏫᎩ.
21-02	ᏂᎦᏛ ᎠᏂᏴᏫ ᎤᏂᎲ ᎾᏍᎩ ᏚᏳᎪᏛ ᎢᏧᎳᎭᏉᏃ ᎠᏴᏍᏙᏗ ᎤᎾᎢ ᎠᏰᎵ ᎢᏳᎾᏓᏛᏁᏗ ᎾᎿᎢ ᎤᏤᎵ ᎠᏰᎵ ᏂᎬᎾᏛᎢ.
21-03	ᎾᏍᎩᏃ ᎠᏛᏅᎢᏍᏛ ᎾᏍᎩ ᎠᏂᏴᏫ ᎤᏙᎯᏳᎯ ᎾᏍᎩ ᎠᏰᎵ ᎤᏙᏢᏒ ᎤᏒᎦᎴᏍᏗ ᎠᏰᎵ ᎤᏙᏢᏒ; ᎯᎠ ᎠᏛᏅᎢᏍᏛ ᎤᏙᎯᏳᏒ ᎤᏟᏁᏨ ᎾᎿ ᎢᏳᏓᎵᎭ ᎠᎴ ᏙᏳᏃ ᏧᎾᏓᏑᏰᏍᏗ ᎾᏍᎩᏃ ᎤᏙᎯᏳᎯ ᎾᏍᎩ ᏂᎬᎾᏛ ᎠᎴ ᎢᏧᎳᎭᏉᏃ ᎤᏅᏌ ᎢᏳᎾᏛᏁᏗ ᎤᏁᎲᎢ ᎠᎴ ᎤᏙᎯᏳᎯ ᎤᎾᏒᎦᏢ ᎤᏕᎵᏛ ᎤᏂᏁᎢᏍᏗ ᎨᏎᏍᏗ ᎠᎴ ᎾᏍᎩ ᎤᏠᏱᏉ ᏄᏚᏓᎸᎾ ᎧᏁᎢᏍᏗ ᎠᎯᎸᏍᏗᏱ.
22-00	ᎠᏯᏙᎸ 22
22-01	ᏂᎦᏛ ᎠᏂᏴᏫ, ᎾᏍᎩ ᎠᏁᎳ ᎨᏒ ᏴᏫ, ᎤᏂᎲ ᎾᏍᎩ ᏚᏳᎪᏛ ᎾᏍᎩ ᏩᏥᏂ ᎠᏚᏓᎸᏗ ᎠᎴ ᎤᎾᏓᏂᏜᏅᎢ ᎾᏍᎩ ᎠᏓᏙᏟᏍᏗ, ᎠᎦᏛᎵᏍᏔᏅ ᎠᏰᎵ ᎤᎾᏙᏢᏒ ᎠᏁᎸᏗᏍᎬᎩ ᎠᎴ ᎠᏰᎵ ᏚᎾᏙᏢᏒ ᎤᎾᎵᎪᏒ-ᎤᎵᎪᎯ ᎠᎴ ᎾᏍᎩ ᏂᎬᏅ ᎤᎵᎪᎯ ᎾᏍᎩ ᏧᎾᏙᏢᏃᏅᎯ ᎠᎴ ᏧᎬᏩᎶᏗ ᎤᎾᎢ ᏂᎦᏓ ᏍᎦᏚᎩ, ᎾᏍᎩ ᎠᎳᏏᏅᏙᏗ, ᏴᏫ ᎠᎴ ᎤᏂᎲ ᎢᏳᎾᏛᏁᎵᏗ ᏚᏳᎪᏛᎢ ᎢᏳᎵᏍᏙᏗ ᎾᏍᎩᎾ ᎤᎲ ᎠᏢᏉᏙᏗ ᎠᎴ ᎾᏍᎩ ᎤᎲ ᎤᏓᏅᏘᏗᎢ ᎾᏍᎩ ᎠᏎᏊ ᎤᏙᎷᏩᏛᎲᎩ.
23-00	ᎠᏯᏙᎸ 23
23-01	ᏂᎦᏛ ᎠᏂᏴᏫ ᎤᏂᎲ ᎾᏍᎩ ᏚᏳᎪᏛ ᏗᎦᎸᏫᏍᏓᏁᏗ, ᎤᏚᏓᎴᏓ ᎤᏑᏰᏍᏗ ᏗᎨᏥᎾᏢᏗᎢ, ᎾᎢ ᎣᏍᏓ ᎠᎴ ᎠᏑᏰᏍᏔᏅ ᏚᎾᎳᏏᏛᎩ ᏗᎦᎸᏫᏍᏓᏁᏗ ᎠᎴ ᏗᏍᏕᎵᏍᎩ ᎾᏍᎩᎾ ᏗᎨᏥᎾᏢᏗᎢ ᏂᎦᏒᎾ.
23-02	ᏂᎦᏛ ᎠᏂᏴᏫ, ᏂᎦᎥ ᎠᏓᏛᏳᏤᏗ ᏂᎦᏒᎾ, ᎤᏂᎲ ᎾᏍᎩ ᏚᏳᎪᏛ ᎢᏗᎦᏗ ᎠᎦᎫᏴᎡᎲᎢ ᎾᏍᎩᎾ ᎢᏗᎦᏗ ᏗᎦᎸᏫᏍᏓᏁᏗ.
23-03	ᏂᎦᏛ ᎠᏂᏴᏫ ᎾᏍᎩᎾ ᏧᏂᎸᏫᏍᏓᏁᎯ ᎤᏂᎲ ᏚᏳᎪᏛ ᎾᏍᎩ ᎣᏍᏓ ᎠᎴ ᎠᏑᏰᏍᏔᏅ ᎨᎦᎫᏴᎡᏗᏱ ᎨᏒᎢ ᎠᏍᏓᏩᏛᏍᏗ ᎾᏍᎩᎾ ᎤᏩᏒᏉ ᎠᎴ ᏏᏓᏁᎸ ᏂᏚᏩᏅᎩ ᎾᏃ ᎠᏁᎲᎢ ᏧᎬᏩᎶᏗᏯ ᎾᎢ ᎠᏂᏴᏫ ᎠᏢᏉᏙᏗ, ᎠᎴ ᎦᏁᏉᏓ, ᏱᏂᎦᎵᏍᏗᏉ, ᎾᏍᎩᏃ ᏐᎢ ᎤᎾᎵᏍᏕᎸᏩᏙᏗ ᎾᏍᎩ ᏴᏫ ᏗᏂᏍᏕᎵᏍᎩ.
23-04	ᏂᎦᏛ ᎠᏂᏴᏫ ᎤᏂᎲ ᎾᏍᎩ ᏚᏳᎪᏛ ᎤᎾᏙᏢᏗ ᎠᎴ ᎾᏍᎩ ᎤᎾᏖᎳᏗᏍᏗ ᏗᎾᏘᏍᎩ ᏌᏊ ᎤᎾᎵᎪᎯ ᎾᏍᎩᎾ ᏗᏂᏍᏕᎵᏍᎩ ᎤᏤᎵᎢ ᎧᏁᏉᎩ ᎨᏒᎢ.
24-00	ᎠᏯᏙᎸ 24
24-01	ᏂᎦᏛ ᎠᏂᏴᏫ ᎤᏂᎲ ᎾᏍᎩ ᏚᏳᎪᏛ ᎤᏣᏪᏐᎸᏍᏙᏗ ᎠᎴ ᏙᎢ ᏅᏛᏅᎩ ᏗᎦᎸᏫᏍᏓᏁᏗ, ᎤᏠᏯᏍᏗ ᏄᎶᏒᏍᏛᎾ ᎠᏎᎸᎩ ᎢᏳᏟᎶᏓ ᏚᏂᎸᏫᏍᏓᏁᎲ ᎠᎴ ᎢᏳᏓᎵᏊ ᏧᏂᎸᏫᏍᏓᏁᏗ ᏂᎨᏒᎾ ᎢᎦ ᎾᏍᎩ ᎠᎦᏈᏴᎮᎲ ᎤᏠᏯᏍᏗ.
25-00	ᎠᏯᏙᎸ 25
25-01	ᏂᎦᏛ ᎠᏂᏴᏫ ᎤᏂᎲ ᎾᏍᎩ ᏚᏳᎪᏛ ᎠᏰᎸ ᏄᏛᎿᏕᎬ ᎤᎴᏂᏙᎲ ᎡᎵᎢᎦ ᎤᏠᏱᏉ ᏳᎵᏍᏙᏗ ᎠᎴ ᎣᏍᏛ-ᏅᏛᎾᏕᎬ ᎤᏩᏌ ᎠᎴ ᏏᏓᏁᎸᎢ ᏚᏩᎧᎲᎩ, ᎤᏠᏯᏍᏗ ᎠᎵᏍᏓᏴᏘ, ᏗᎿᏬ, ᎦᎵᏦᏕ ᎠᎴ ᎦᏃᏢᎩᏅᏬᏘ ᎠᎦᏎᏍᏙᏗᎢ ᎠᎴ ᏱᏂᎦᎵᏍᏗ ᏴᏫ ᏗᏂᏍᏕᎸᎯᏙ ᎠᏥᏍᏕᎸᏗᎢ, ᎠᎴ ᎾᏍᎩ ᎤᏂᎮᏍᏗ ᎾᎢ ᎠᏥᏍᏕᎸᏗ ᎾᏳᎢ ᎾᏍᎩ ᏂᎦᎵᏍᏔᏂᏙᎲ ᎾᏍᎩ ᏗᎨᏥᎾᏢᏗᎢ ᏂᎦᏒᎾ, ᎤᏢᏥᏰᏍᎩ, ᏗᎬᏩᎸᏫᏍᏓᏁᏗ ᏂᎨᏒᎾ, ᎠᎦᏴᎵ, ᎠᎴ ᏐᎢ ᎦᎷᎶᎬᎩ ᎾᏍᎩ ᏗᎦᎸᏫᏍᏓᏁᏗ ᏗᎦᎸᏫᏍᏓᏁᏗ ᎤᎲᎩ ᎾᏳᎢ ᏂᎦᎵᏍᏔᏂᏙᎲᎢ ᎤᎶᏒᏍᏔᏅ ᎠᎨᏔᏗᏍᏗ ᏂᎨᏒᎾ.
25-02	ᎤᏓᏥᎢ ᎠᎴ ᏗᏂᏲᎵ ᎤᏂᎲ ᎤᎾᏓᏂᏜᏅᎢ ᎤᏤᎵᏛ ᎨᎦᎦᏎᏍᏙᏗ ᎠᎴ ᎨᏥᏍᏕᎸᏗᎢ. ᏂᎦᎥ ᏗᏂᏲᏟ, ᎢᏳᏃ ᏕᎨᎦᏨᏍᏔᏅᎩ ᎠᎴ ᏕᎨᎦᏨᏍᏔᏅᎩ ᏂᎨᏒᎾ ᏱᎩ ᎤᏕᏅᎩ, ᏭᏓᎪᎾᏛ ᎠᎵᎮᎵᏍᏗ ᎾᏍᎩ ᎤᏠᏱ ᏴᏫ ᏗᏂᏍᏕᎵᏍᎩ.
26-00	ᎠᏯᏙᎸ 26
26-01	ᏂᎦᏛ ᎠᏂᏴᏫ ᎤᏂᎲ ᎾᏍᎩ ᏚᏳᎪᏛ ᏧᎾᏕᎶᏆᏍᏗ. ᏧᎾᏕᎶᏆᏍᏗ ᏭᏓᎪᎾᏛᎯ ᎠᏎᏊᎢ, ᎡᎵᏍᏗᏃ ᎾᏍᎩ ᎠᏓᎴᏂᏍᎬᎩ ᎠᎴ ᏄᎬᏫᏳᏒ ᏗᎳᏏᏙᏗ ᏩᏓᏎᏢᎩ. ᎠᏓᎴᏂᏍᎬᎩ ᏧᎾᏕᎶᏆᏍᏗ ᏭᏓᎪᎾᏛᎯ ᎠᏚᏓᎸᏗ ᎨᏎᏍᏗ. ᎠᎯᎸᏍᏗᏱ ᎠᎴ ᎠᎦᏔᎾᎢ ᎢᏳᏛᏁᏗ ᏧᎾᏕᎶᏆᏍᏗ ᏭᏓᎪᎾᏛᎯ ᏳᎵᏍᏙᏗ ᏂᎦᎥᏊ ᎤᏙᏢᏅᎩ ᎠᏛᏅᎢᏍᏔᏅᎩ ᎠᎴ ᏩᎦᎸᎳᏗᏴ ᏧᎾᏕᎶᏆᏍᏗ ᏭᏓᎪᎾᏛᎯ ᏳᎵᏍᏙᏗ ᎢᏗᎦᎦᏘ ᎬᏴᏍᏗ ᎨᏒᎢ ᎾᏍᎩ ᏂᎨᏓ ᎠᎴᏅᏔᏅ ᏄᏍᏛ ᏩᏛᏁᏗᎢ.
26-02	ᏧᎾᏕᎶᏆᏍᏗ ᏭᏓᎪᎾᏛᎯ ᏳᎵᏍᏙᏗ ᎠᏓᏎᎮᎸ ᎾᏍᎩ ᎧᎵᎢ ᏚᎾᏠᎷᏩᏛᎲ ᎾᏍᎩ ᎠᏂᏴᏫ ᎤᏩᏒᎯᏊᏃ ᎠᎴ ᎾᏍᎩ ᏂᏚᎳᏂᎬᎬ ᎪᎯᏳᏗ ᎾᏍᎩᎾ ᎠᏂᏴᏫ ᎤᏂᎲ ᎾᏍᎩ ᏚᏳᎪᏛ ᎠᎴ ᏄᎬᏫᏳᏒ ᏗᎳᏏᏙᏗ ᏙᎯ ᎠᏕᏗᎢ. ᎤᏂᎮᏍᏗ ᎬᏂᎨᏒ ᏂᎬᏅᎩ ᎪᎵᏍᏗᎢ, ᎠᎵᏍᎪᎵᏗᎨ ᎠᎴ ᎣᎵᎢ ᏄᎾᏛᏅ ᏂᎦᏓ ᎠᏰᎵ ᏚᎾᏙᏢᏒ, ᏧᎾᏓᎴᏅᏓ ᎠᏂᏴᏫ ᎠᎴ ᏧᎾᏁᎸᏗ ᏚᎾᏓᏠᎬ, ᎠᎴ ᏫᏗᏗᏢ ᏭᏓᎪᎾᏛ ᎾᏍᎩ ᎠᎵᏂᎬᏁᏗᎢ ᎾᏍᎩ ᎤᎾᏓᏚᏕᏫᏛ ᎠᏰᎵ ᎾᏍᎩᎾᏃ ᎤᏂᏍᏆᏂᎪᏙ ᏅᏩᏙᎯᏯᏛ.
26-03	ᏧᎾᏓᎦᏴᎵᎨ ᎤᏂᎭ ᏧᏩᎫᏔᏅᏒ ᏚᏳᎪᏛ ᎤᏂᎲ ᎤᎾᏑᏰᏍᏗ ᎾᏍᎩ ᎢᏳᏍᏗ ᏧᎾᏕᎶᏆᏍᏗ ᎾᏍᎩ ᏭᏓᎪᎾᏛᎯ ᏳᎵᏍᏙᏗ ᎠᏥᏂᏗ ᎾᏍᎩ ᏚᏓᏘᎾᎥᎢ.
27-00	ᎠᏯᏙᎸ 27
27-01	ᏂᎦᏛ ᎠᏂᏴᏫ ᎤᏂᎲ ᎾᏍᎩ ᏚᏳᎪᏛ ᏄᏚᏓᎸᎾᏉ ᎤᏪᎳᏗᏓᏍᏗ ᎾᎿᎢ ᎤᎾᎴᏂᏓᏍᏗ ᎨᏒ ᎠᎾᎴᏂᏙᎰᎢ ᎾᏍᎩ ᎤᏂᏚᏒᎩ, ᎾᎢ ᎠᎵᎮᎵᏍᏗ ᎾᏍᎩ ᎪᏢᏅᏅ ᎠᎴ ᎠᏓᏲᏔᎡᏗ ᎾᎿᎢ ᎾᏏᎾᏒᎩ ᎠᎵᏱᎴᎬᎩ ᎠᎴ ᎾᏍᎩ ᎤᎾᎵᏍᏕᎸᏙᏗ.
27-02	ᏂᎦᏛ ᎠᏂᏴᏫ ᎤᏂᎲ ᎾᏍᎩ ᏚᏳᎪᏛ ᎨᏥᏍᏕᎸᏗ ᎾᏍᎩ ᎠᎦᏓᏅᏖᏗ ᎠᎴ ᎬᏓᏂᏓᏍᏗ ᎠᏍᏓᏫᏛᏍᏗ ᎾᏍᎩᎾ ᏂᎦᎥ ᏫᏂᎦᎵᏍᏔᏂᎯᎲᎩ ᎾᏏᎾᏒᎩ, ᎠᎦᏔᎲ ᎪᏪᎵ ᎠᎴ ᎤᏃᏢᏅᏍᎩ ᎤᏃᏢᏅᏅ ᎾᏍᎩ ᏧᏬᏪᎳᏅᎯ.
28-00	ᎠᏯᏙᎸ 28
28-01	ᏂᎦᏛ ᎠᏂᏴᏫ ᎤᏂᎭ ᎤᎾᏓᏂᏜᏅᎢ ᎾᏍᎩ ᎤᎾᏓᏟᏌᎲᎩ ᎠᎴ ᎠᏰᎵ ᏚᎾᏙᏢᏒ ᏗᎳᏏᏙᏗ ᎾᎿ ᎾᏍᎩᏃ ᏚᏳᎪᏛᎩ ᎠᎴ ᏙᎯ ᏧᎾᏕᏗᎢ ᎦᏌᏙᏴ ᎦᎧᏅᎩ ᎾᎿᎢ ᎯᎠ ᏗᎦᏃᏣᎳᏅᎢ ᎾᏉᏃ ᎧᎵᎢ ᎠᏕᎳᎰᏒᎢ.
29-00	ᎠᏯᏙᎸ 29
29-01	ᏂᎦᏛ ᎠᏂᏴᏫ ᎢᏳᏛᏁᏗ ᎤᏂᎲᎩ ᎾᏍᎩ ᎤᏂᏚᏒᎩ ᎾᎿᎢ ᎾᏍᎩᏃ ᎤᏩᏒ ᏄᏚᏓᎸᎾ ᎠᎴ ᎠᎧᎵ ᏚᎾᏠᎷᏩᏛᎲ ᎤᏩᏒᎯᏊᏃ ᎤᏤᎵ ᎾᏍᎩ ᎮᎵᏊ ᏱᎬᏩᎵᏍᏙᏗ.
29-02	ᎾᏍᎩᏃ ᎠᏅᏗᏍᎬ ᎤᏂᎲ ᎾᏍᎩ ᏚᏳᎪᏛ ᎢᏳᎾᏛᏁᏗ ᎠᎴ ᏙᎯ ᏧᎾᏕᏗᎢ, ᏂᎦᏛ ᎠᏂᏴᏫ ᎤᎾᎵᏍᎦᏍᏛ ᎾᏍᎩ ᏕᎫᎪᏔᏅ ᏗᎧᎿᏛᏍᏗ ᎤᏅᏒᎯᏳ ᎾᏍᎩᎾ ᎢᏳᏰᎸᏛ ᎦᎶᏐᎲᏍᎩ ᎤᏩᏌ ᎢᏳᏍᏗ ᏗᎦᏂᏴᏙᏗ ᏂᏗᎦᎵᏍᏙᏗᏍᎬ ᏗᏓᏂᎸᏨᎩ ᎠᎴ ᎪᎯᏳᏗ ᎾᏍᎩᎾ ᎤᏂᎲ ᎾᏍᎩ ᏚᏳᎪᏛ ᎠᎴ ᏙᎯ ᏧᎾᏕᏗᎢ ᎾᏍᎩ ᏐᎢ ᎠᎴ ᏓᎾᏠᏍᎬᎩ ᎾᏍᏉ ᎠᏎᎢ ᎢᏯᏛᏁᏗ ᎾᏍᎩ ᏚᏳᎪᏛ ᎢᏯᏛᏗ, ᏴᏫ ᎠᏓᏅᏫᏍᏗᏍᎩ ᎠᎴ ᎾᏍᎩ ᏂᎦᏓᏊ ᎤᎾᎵᏍᏕᎸᏔᏂᏓᏍᏗ ᎾᎿᎢ ᏴᏫ ᎤᎾᏤᎵᏛ ᎤᎾᏙᏢᎯ.
29-03	ᎯᎠ ᎤᏂᎲ ᎾᏍᎩ ᏚᏳᎪᏛ ᎠᎴ ᏙᎯ ᏧᎾᏕᏗᎢ ᎡᎵᏊ ᎾᎿ Ꮭ ᏳᏂᎮᏍᏗ ᎠᏓᏱᎵᏓᏍᏗ ᎤᏅᏗᏍᎬᎩ ᎠᎵᏍᎦᏁᏍᎩ ᎾᏍᎩ ᏅᏰᎸᏛ ᎠᎴ ᎤᎾᎵᏍᎪᎵᏴ ᎾᏍᎩ ᎤᎾᎢ ᎤᎾᏓᏚᏕᏫᏛ ᎠᏰᎵ ᏚᎾᏙᏢᏒ.
30-00	ᎠᏯᏙᎸ 30
30-01	ᎯᎠ ᏂᎬᎾᏅ ᏗᎦᏃᏣᎳᏅᎢ ᎡᎵᏊ ᏯᎾᏁᏢᏓ ᎾᏍᎩ ᎾᏁᎵᏍᎬᎩ ᎾᏍᎩᎾ ᏂᎦᎥ ᏍᎦᏚᎩ, ᎤᎾᏓᏟᏌᎲ ᎠᎴ ᎩᎶᏉ ᏂᎦᎥ ᎤᏂᎲ ᎾᏍᎩ ᏚᏳᎪᏛ ᏓᎾᏓᏁᏤᏗ ᎾᎿ ᏂᎦᎥ ᎠᎵᏂᎬᏁᏗᎢ ᎠᎴ ᎾᏍᎩᏃ ᎤᏂᎲ ᎾᏍᎩ ᏚᏳᎪᏛ ᎢᏯᏛᏁᏗ ᎠᎴ ᏙᎯ ᎠᏕᏗᎢ ᎦᎧᏅ ᎠᎭᏂᏉ ᎾᎢ ᏂᎦᎥ ᏗᎬᎪᏔᏅ ᎢᏯᏛᏁᏗ ᎾᏍᎩ ᎤᏂᏲᏍᏙᏗᎢ.
